id;object;description;creation_date
1;eyeballs Progressive;gold;Borders
2;Kroon Plastic;collaborative Licensed;generate Account
3;invoice du Ingenieur;invoice;Portugal
4;Incredible Ball;d'Alésia;Account rich bus
5;Account encryption SMTP;Soft;Account input c
6;connect;transmitting Grèce solid;drive Ringgit moderator
7;cross-platform a Generic;a parse;b Toys open-source
8;synergistic lime;Electronics Languedoc-Roussillon;internet Tasty Bonaparte
9;fault-tolerant;c;Pierre
10;Bedfordshire unleash New;Account;e-commerce Shoes vertical
